id,concept,subconcept,book,page,notes
1,/GS,,5,37,
2,/GS,,5,106,
3,802.1Q,,1,63-67,
4,802.1Q,,1,69-71,Attacked by Yersinia
6,802.1Q,,1,75,vconfig to add VLAN
7,802.1X,,1,33,Port authentication check
8,802.1X,,1,57-58,"Network Auth, requiring Supplicant/Port Access Entity, and Auth server"
9,802.1X,,1,60-61,Layer 2
10,802.1X,,2,60,
11,Accumulator Register (EAX/RAX),,4,9,
12,Address Space Layout Randomization (ASLR),,2,74,
13,Address Space Layout Randomization (ASLR),,4,16,
14,Address Space Layout Randomization (ASLR),,4,92,
15,Address Space Layout Randomization (ASLR),,4,114,
16,Address Space Layout Randomization (ASLR),,4,116,
17,Address Space Layout Randomization (ASLR),,4,122,
18,Address Space Layout Randomization (ASLR),,4,129,
19,Address Space Layout Randomization (ASLR),,4,141-142,
20,Address Space Layout Randomization (ASLR),,4,144-147,
21,Address Space Layout Randomization (ASLR),,4,149,
22,Address Space Layout Randomization (ASLR),,4,151-152,
23,Address Space Layout Randomization (ASLR),,4,154,
24,Address Space Layout Randomization (ASLR),,4,157-158,
25,Address Space Layout Randomization (ASLR),,4,160,
26,Address Space Layout Randomization (ASLR),,4,162-163,
27,Address Space Layout Randomization (ASLR),,4,165,
28,Address Space Layout Randomization (ASLR),,4,167,
29,Address Space Layout Randomization (ASLR),,5,4,
30,Address Space Layout Randomization (ASLR),,5,22-23,
31,Address Space Layout Randomization (ASLR),,5,35-37,
32,Address Space Layout Randomization (ASLR),,5,48,
33,Address Space Layout Randomization (ASLR),,5,52-53,
34,Address Space Layout Randomization (ASLR),,5,59,
35,Address Space Layout Randomization (ASLR),,5,64,
36,Address Space Layout Randomization (ASLR),,5,67-69,
37,Address Space Layout Randomization (ASLR),,5,85-86,
38,Address Space Layout Randomization (ASLR),,5,102,
39,Address Space Layout Randomization (ASLR),,5,105,
40,Address Space Layout Randomization (ASLR),,5,111,
41,Address Space Layout Randomization (ASLR),,5,127,
42,Address Space Layout Randomization (ASLR),,5,129,
43,Address Space Layout Randomization (ASLR),,5,139,
44,AES,,2,10-11,
45,AES,,2,13-14,
46,AES,,2,16,
47,AES,,2,20,
48,AES,,2,22,
49,AES,,2,25,
50,AES,,2,31-32,
51,AES,,2,38,
52,AES,,2,44,
53,AES,,2,56,
54,AES,,2,116,
55,Alternative Payloads,,2,86,
56,Alternative Payloads,,2,121,
57,American Fuzzy Lop (AFL),,3,101,
58,American Fuzzy Lop (AFL),,3,145,
59,American Fuzzy Lop (AFL),,3,148-157,
60,American Fuzzy Lop (AFL),,3,160-162,
61,American Fuzzy Lop (AFL),,3,166,
62,AppArmor,,2,74,
63,AppLocker,,2,74-75,
64,AppLocker,,2,79-80,
65,ARP Spoofing,,1,81-85,Definition + Example
68,ARP Spoofing,,2,52,
69,ARP Spoofing,,3,87,
70,Backup Designated Router (BDR),,1,115-116,Redundancy in OSPF
72,BetterCap,,1,96-98,"Extensible MitM Golang, Caplets"
74,BetterCap,,1,150,
75,BetterCap,,1,152,
76,Blowfish,,2,10,
77,BooFuzz,,3,114-128,
78,BooFuzz,,3,130-132,
79,BooFuzz,,3,165,
80,brk(),,4,142,
81,Browser Caching,,1,91,If-Modified-Since
82,Cain,,1,42,Monitoring insecure Captive Portal auth
84,Canaries,,4,15,
85,Canaries,,4,92,
86,Canaries,,4,110,
87,Canaries,,4,122,
88,Canaries,,4,129-134,
89,Canaries,,4,146,
90,Canaries,,4,161,
91,Canaries,,4,163,
92,Canaries,,5,35-37,
93,Canaries,,5,45,
94,Canaries,,5,106,
95,Canaries,,5,124,
96,Captive Portal,,1,37-44,"NAC Implementation, Authentication"
99,Captive Portal,,1,77,Exceptions
101,Captive Portal,,1,145,
102,Captive Portal,,1,159,
103,Captive Portal,RFC Standard,1,43,RFC8126
104,captive portal scam,,1,46,"Josh Wright, script watches traffic to impersonate auth'd clients to bypass."
106,chunk,,3,136,
107,chunk,,3,150,
108,chunk,,4,116,
109,chunk,,5,47-51,
110,chunk,,5,70,
111,chunk,,5,85-86,
112,Cipher Block Chaining (CBC),,2,11,
113,Cipher Block Chaining (CBC),,2,15-18,
114,Cipher Block Chaining (CBC),,2,20,
115,Cipher Block Chaining (CBC),,2,22,
116,Cipher Block Chaining (CBC),,2,32,
117,Cipher Block Chaining (CBC),,2,37-41,
118,Cipher Block Chaining (CBC),,2,43-44,
119,Cipher Block Chaining (CBC),,2,68,
120,Cisco Discovery Protocol (CDP),,1,66,Attacked by Yersinia
121,Cisco Discovery Protocol (CDP),,1,73-76,"60 secs, serves Device ID, SW version, Platform, Port, Native VLAN and VoIP VLAN Reply"
122,Code Segment (CS),,3,161,
123,Code Segment (CS),,4,5,
124,Code Segment (CS),,4,7-8,
125,Code Segment (CS),,4,14,
126,Code Segment (CS),,4,16,
127,Code Segment (CS),,4,19,
128,Code Segment (CS),,4,21-30,
129,Code Segment (CS),,4,45,
130,Code Segment (CS),,4,50,
131,Code Segment (CS),,4,116,
132,Code Segment (CS),,4,120,
133,Code Segment (CS),,4,142,
134,Code Segment (CS),,4,152,
135,Code Segment (CS),,4,161,
136,Code Segment (CS),,5,20-21,
137,Code Segment (CS),,5,38-39,
138,Code Segment (CS),,5,65,
139,COMB,,1,21,"Compilation of Many Breaches are password lists, often sketchy"
140,Control Flow Guard (CFG),,5,4,
141,Control Flow Guard (CFG),,5,36-37,
142,Control Flow Guard (CFG),,5,57,
143,Control Flow Guard (CFG),,5,59,
144,Control Flow Integrity (CFI),,5,58,
145,Counter (CTR),,2,11,
146,Counter (CTR),,2,17-18,
147,cpscam,,1,46,"Josh Wright, script watches traffic to impersonate auth'd clients to bypass."
148,crashbin_explorer.py,,3,131,
149,Data Encryption Standard (DES),,2,10-12,
150,Data Encryption Standard (DES),,2,25,
151,Data Encryption Standard (DES),,2,42,
152,Data Encryption Standard (DES),,2,44,
153,Data Execution Prevention (DEP),,1,14,Exploit Mitigation Control
154,Data Execution Prevention (DEP),,4,92,
155,Data Execution Prevention (DEP),,4,110,
156,Data Execution Prevention (DEP),,4,122,
157,Data Execution Prevention (DEP),,5,4,
158,Data Execution Prevention (DEP),,5,35-37,
159,Data Execution Prevention (DEP),,5,39,
160,Data Execution Prevention (DEP),,5,53,
161,Data Execution Prevention (DEP),,5,62-63,
162,Data Execution Prevention (DEP),,5,71,
163,Data Execution Prevention (DEP),,5,85-86,
164,Data Execution Prevention (DEP),,5,102-116,
165,Data Execution Prevention (DEP),,5,118-123,
166,Data Execution Prevention (DEP),,5,125,
167,Data Execution Prevention (DEP),,5,155-156,
168,Data Register (EDX/RDX),,4,9,
169,Data Segment (DS),,2,51,
170,Data Segment (DS),,4,7,
171,Data Segment (DS),,4,10,
172,Data Segment (DS),,4,14,
173,Data Segment (DS),,4,19-20,
174,Data Segment (DS),,4,120,
175,Data Segment (DS),,5,18,
176,Data Segment (DS),,5,20,
177,Data Segment (DS),,5,23,
178,Data Segment (DS),,5,38,
179,Data Segment (DS),,5,90,
180,Data Segment (DS),,5,141,
181,Debugging,,1,11-13,"Discussing vendor and debugging symbols, microsoft offering the only ones."
183,Debugging,,2,25,
184,Debugging,,2,139,
185,Debugging,,3,44-47,
186,Debugging,,3,117,
187,Debugging,,3,121,
188,Debugging,,3,128,
189,Debugging,,3,159,
190,Debugging,,4,32-34,
191,Debugging,,4,40,
192,Debugging,,4,54,
193,Debugging,,4,92,
194,Debugging,,4,99,
195,Debugging,,4,104,
196,Debugging,,4,107,
197,Debugging,,4,110,
198,Debugging,,4,112,
199,Debugging,,5,15,
200,Debugging,,5,70,
201,Debugging,,5,91,
202,Denial of Service (DoS),,3,47,
203,Denial of Service (DoS),,5,12,
204,Designated Router (DR),,1,115-116,
205,dlmalloc,,5,48,
206,Drcov,,3,138-140,
207,Drcov,,3,142,
208,Drcov,,3,161,
209,Drrun,,3,138-139,
210,Dynamic Host Configuration Protocol (DHCP),,1,41,Exposed before Captive Portal Auth
211,Dynamic Host Configuration Protocol (DHCP),,1,66,Attacked by Yersinia
213,Dynamic Host Configuration Protocol (DHCP),,2,54,
214,Dynamic Host Configuration Protocol (DHCP),,3,75,
215,Dynamic Host Configuration Protocol (DHCP),,3,79,
216,Dynamic Host Configuration Protocol (DHCP),,3,86,
217,Dynamic Host Configuration Protocol (DHCP),,3,110,
218,Dynamic Link Libraries (DLLs),,2,20,
219,Dynamic Link Libraries (DLLs),,2,80,
220,Dynamic Link Libraries (DLLs),,2,86,
221,Dynamic Link Libraries (DLLs),,2,93,
222,Dynamic Link Libraries (DLLs),,2,95,
223,Dynamic Link Libraries (DLLs),,2,97-98,
224,Dynamic Link Libraries (DLLs),,2,114,
225,Dynamic Link Libraries (DLLs),,2,118,
226,Dynamic Link Libraries (DLLs),,2,121-124,
227,Dynamic Link Libraries (DLLs),,2,129,
228,Dynamic Link Libraries (DLLs),,2,138,
229,Dynamic Link Libraries (DLLs),,4,59,
230,Dynamic Link Libraries (DLLs),,4,78,
231,Dynamic Link Libraries (DLLs),,4,80,
232,Dynamic Link Libraries (DLLs),,4,82,
233,Dynamic Link Libraries (DLLs),,5,8,
234,Dynamic Link Libraries (DLLs),,5,10,
235,Dynamic Link Libraries (DLLs),,5,24,
236,Dynamic Link Libraries (DLLs),,5,43,
237,Dynamic Link Libraries (DLLs),,5,65,
238,Dynamic Link Libraries (DLLs),,5,67-68,
239,Dynamic Link Libraries (DLLs),,5,75,
240,Dynamic Link Libraries (DLLs),,5,78,
241,Dynamic Link Libraries (DLLs),,5,81,
242,Dynamic Link Libraries (DLLs),,5,105,
243,Dynamic Link Libraries (DLLs),,5,111,
244,Dynamic Trunking Protocol (DTP),,1,64-69,"Cisco Protocol, Negotiates Trunc and Encap (802.1Q/ISL). Port Meanings"
245,Dynamic Trunking Protocol (DTP),,1,71-72,Example attack
246,Dynamips,,1,119,Cisco IOS VM
247,DynamoRIO,,2,113,
248,DynamoRIO,,3,137-140,
249,DynamoRIO,,3,142-143,
250,DynamoRIO,,3,161,
251,dynapstalker,,3,140-142,
252,EAP Shadow Attack,,1,60,Impersonating Victim via MAC
253,EAP type,,1,57-58,Captive Portal Auth
254,EAX/RAX,,4,9,
255,EAX/RAX,,4,20,
256,EDX/RDX,,4,9,
257,Electronic Codebook (ECB),,2,11-15,
258,Electronic Codebook (ECB),,2,17-18,
259,Electronic Codebook (ECB),,2,31,
260,Empire,,2,101,
261,Empire,,2,106,
262,Empire,,2,129-130,
263,Enhanced Mitigation Experience Toolkit (EMET),,5,37,
264,Enhanced Mitigation Experience Toolkit (EMET),,5,44,
265,Enhanced Mitigation Experience Toolkit (EMET),,5,54,
266,Enhanced Mitigation Experience Toolkit (EMET),,5,63-65,
267,Enhanced Mitigation Experience Toolkit (EMET),,5,71-73,
268,Enhanced Mitigation Experience Toolkit (EMET),,5,75,
269,Enhanced Mitigation Experience Toolkit (EMET),,5,102,
270,Ent (tool),,2,32-34,
271,ESI/RSI,,4,11,
272,ESP/RSP,,4,11,
273,ESP/RSP,,4,14,
275,Ettercap,,1,84-90,MitM Attack Sample
276,Ettercap,,1,92,SMB Capture
277,Ettercap,,1,94-99,Limitations
280,Ettercap,,1,147-148,
281,Ettercap,,1,150,
282,Ettercap,,1,152-153,
283,Ettercap,,1,159,
284,Ettercap,,2,52,
285,Exception Handling,,4,81,
286,Exception Handling,,5,4-5,
287,Exception Handling,,5,8,
288,Exception Handling,,5,25,
289,Exception Handling,,5,27-28,
290,Exception Handling,,5,32-33,
291,Exception Handling,,5,36,
292,Exception Handling,,5,40,
293,Exception Handling,,5,42,
294,Exception Handling,,5,44,
295,Exception Handling,,5,103,
296,Executable and Linking Format (ELF),,2,118-119,
297,Executable and Linking Format (ELF),,4,39-41,
298,Executable and Linking Format (ELF),,4,46-51,
299,Executable and Linking Format (ELF),,4,65,
300,Executable and Linking Format (ELF),,4,154,
301,Executable and Linking Format (ELF),,5,8,
302,Executable and Linking Format (ELF),,5,10,
303,Executable and Linking Format (ELF),,5,12,
304,Executable and Linking Format (ELF),,5,14,
305,Extra Segment (ES),,4,7,
306,Extra Segment (ES),,4,14,
307,Extra Segment (ES),,4,19,
308,free(),,5,56,
309,Fuzzing,,1,59,Wired EAP/MD5
310,Fuzzing,,3,1,
311,Fuzzing,,3,42,
312,Fuzzing,,3,47-48,
313,Fuzzing,,3,77,
314,Fuzzing,,3,96-103,
315,Fuzzing,,3,106-107,
316,Fuzzing,,3,109-112,
317,Fuzzing,,3,115-119,
318,Fuzzing,,3,122-127,
319,Fuzzing,,3,130-132,
320,Fuzzing,,3,135-137,
321,Fuzzing,,3,140,
322,Fuzzing,,3,142,
323,Fuzzing,,3,145,
324,Fuzzing,,3,147,
325,Fuzzing,,3,151,
326,Fuzzing,,3,160-162,
327,Fuzzing,,3,165-166,
328,Gadgets,,2,30,
329,Gadgets,,4,116-120,
330,Gadgets,,4,122,
331,Gadgets,,4,124,
332,Gadgets,,4,126,
333,Gadgets,,5,84,
334,Gadgets,,5,105,
335,Gadgets,,5,122,
336,Gadgets,,5,129-131,
337,Gadgets,,5,134,
338,Gadgets,,5,137-138,
339,Gadgets,,5,152,
340,GetProcAddress(),,4,80,
341,GetProcAddress(),,4,82-83,
342,GetProcAddress(),,4,87,
343,GetProcAddress(),,5,14,
344,GetProcAddress(),,5,26,
345,GNU Debugger (GDB),,3,45-46,
346,GNU Debugger (GDB),,3,145,
347,GNU Debugger (GDB),,3,159,
348,GNU Debugger (GDB),,3,162,
349,GNU Debugger (GDB),,4,32-33,
350,GNU Debugger (GDB),,4,35,
351,GNU Debugger (GDB),,4,44,
352,GNU Debugger (GDB),,4,47-48,
353,GNU Debugger (GDB),,4,51,
354,GNU Debugger (GDB),,4,54,
355,GNU Debugger (GDB),,4,72,
356,GNU Debugger (GDB),,4,99-100,
357,GNU Debugger (GDB),,4,104-105,
358,GNU Debugger (GDB),,4,110-111,
359,GNU Debugger (GDB),,4,136,
360,GNU Debugger (GDB),,4,140,
361,GNU Debugger (GDB),,4,145-147,
362,GNU Debugger (GDB),,4,150,
363,GNU Debugger (GDB),,4,155,
364,GNU Debugger (GDB),,5,15,
365,Group Policy Objects,,2,73,
366,Group Policy Objects,,2,81,
367,Grsecurity,,2,74,
368,Grsecurity,,5,58,
369,Hash Identification,,2,27,
370,Heap,,1,167,
371,Heap,,2,74,
372,Heap,,2,145,
373,Heap,,3,47,
374,Heap,,3,168,
375,Heap,,4,14,
376,Heap,,4,19-21,
377,Heap,,4,81,
378,Heap,,4,84,
379,Heap,,4,92,
380,Heap,,4,104,
381,Heap,,4,122,
382,Heap,,4,142,
383,Heap,,4,144,
384,Heap,,4,154,
385,Heap,,4,161,
386,Heap,,4,169,
387,Heap,,5,13,
388,Heap,,5,26,
389,Heap,,5,35-36,
390,Heap,,5,38-39,
391,Heap,,5,47-48,
392,Heap,,5,51-53,
393,Heap,,5,55,
394,Heap,,5,59,
395,Heap,,5,64-65,
396,Heap,,5,67,
397,Heap,,5,70,
398,Heap,,5,74,
399,Heap,,5,104,
400,Heap,,5,106,
401,Heap,,5,123-124,
402,Heap,,5,135,
403,Heap,,5,160,
404,Heap Cookies,,5,35,
405,Heap Cookies,,5,47,
406,Heap Spray,,5,64,
407,Hot Standby Router Protocol (HSRP),,1,66,Attacked by Yersinia
408,Hot Standby Router Protocol (HSRP),,1,104-111,Cisco High Availability routers
410,HTTP Strict Transport Security (HSTS),,1,149-150,
411,HTTP Strict Transport Security (HSTS),,1,160,
412,IDA Pro,,1,12,Disassembler
413,IDA Pro,,2,25,
414,IDA Pro,,2,115,
417,Immunity Debugger,,4,37,
418,Immunity Debugger,,5,15-16,
419,Immunity Debugger,,5,18,
420,Immunity Debugger,,5,21,
421,Immunity Debugger,,5,115,
422,Immunity Debugger,,5,118,
423,Immunity Debugger,,5,137,
424,Immunity Debugger,,5,139,
425,Initialization Value (IV),,2,8-9,
426,Initialization Value (IV),,2,15-18,
427,Initialization Value (IV),,2,20,
428,Initialization Value (IV),,2,22,
429,Initialization Value (IV),,2,37-39,
430,Initialization Value (IV),,2,43-48,
431,Initialization Value (IV),,2,54-61,
432,Initialization Value (IV),,2,68,
436,IPv6,,1,122-141,Rules
438,IPv6,,2,131,
439,IPv6,,2,142,
440,IPv6,,3,80,
441,IPv6,,3,84,
442,IPv6,,3,88-92,
443,IV Collision,,2,54-58,
444,IV Collision,,2,61,
445,IV Collision,,2,68,
446,JavaScript OS Validation,,1,48,NAC
447,JavaScript OS Validation,,1,54,Captive Portal injecting JS
448,kernel32.dll,,4,77,
449,kernel32.dll,,4,79-83,
450,kernel32.dll,,4,86-87,
451,kernel32.dll,,4,89,
452,kernel32.dll,,4,120,
453,kernel32.dll,,5,7,
454,kernel32.dll,,5,10,
455,kernel32.dll,,5,14,
456,kernel32.dll,,5,24,
457,kernel32.dll,,5,26,
458,kernel32.dll,,5,31,
459,kernel32.dll,,5,65,
460,Lazy Linking,,4,42,
461,Lazy Linking,,5,8,
462,Lazy Linking,,5,14,
463,Lazy Linking,,5,66,
464,LD_LIBRARY_PATH,,2,118,
465,LD_PRELOAD,,2,118,
466,LD_PRELOAD,,2,120,
467,ldd,,2,118,
468,ldd,,4,152-153,
469,Library Loading,,2,118-119,
470,Library Loading,,2,122,
471,Link State Advertisements (LSAs),,1,113,OSPF Shares with adjacent neighbors to share topology
472,Link State Advertisements (LSAs),,1,115-116,Participating to learn topology
473,Linker,,2,118,
474,Linker,,3,148,
475,Linker,,4,4,
476,Linker,,4,19,
477,Linker,,4,39-40,
478,Linker,,4,42,
479,Linker,,4,50-51,
480,Linker,,4,54-55,
481,Linker,,5,5,
482,Linker,,5,32,
483,linux-gate.so.1,,4,153,
484,Loader,,4,4,
485,Loader,,4,19,
486,Loader,,4,39,
487,Loader,,4,54-55,
488,Loader,,4,84,
489,Loader,,5,5,
490,Loader,,5,32,
491,Loader,,5,67,
492,Loki,,1,110-111,Python Infra Attack Tool for Layer 3
493,Loki,,1,116-119,MD5 Attack
494,Low Fragmentation Heap (LFH),,4,92,
495,Low Fragmentation Heap (LFH),,5,35,
496,Low Fragmentation Heap (LFH),,5,37,
497,Low Fragmentation Heap (LFH),,5,51,
498,Low Fragmentation Heap (LFH),,5,59,
499,Low Fragmentation Heap (LFH),,5,70,
500,Low Fragmentation Heap (LFH),,5,85,
501,ltrace,,2,111-114,
502,MAC,Changing,1,45,"Macshift on windows, Ifconfig on *nix. Most cloud denies"
503,MAC address,,1,44-47,Impersonation
510,MAC address,,1,109,
511,MAC address,,1,125-126,IPv6 included bits
512,MAC address,,1,133,IPv6 MitM
513,MAC address,,2,58,
514,MAC address,,3,84,
515,MAC address,,3,86-87,
516,MAC address,,3,91,
517,MAC address,,3,110,
518,MAC OUI,,1,47-48,Organizationally Unique Identifiers (classes of devices)
519,Magic Unicorn,,2,86,
520,MemGC,,5,36,
521,MemGC,,5,56,
522,MemProtect,,5,56,
523,Message Integrity Check (MIC),,2,27,
524,Message Integrity Check (MIC),,2,60-62,
525,Message Integrity Check (MIC),,5,82,
527,Metasploit,,2,83,
528,Metasploit,,2,86,
529,Metasploit,,2,101,
530,Metasploit,,2,120-121,
531,Metasploit,,2,129-130,
532,Metasploit,,3,106,
533,Metasploit,,4,62,
534,Metasploit,,4,75,
535,Metasploit,,4,88,
536,Metasploit,,4,103,
537,Metasploit,,5,4,
538,Metasploit,,5,113,
539,Metasploit,,5,121,
540,Mimikatz,,2,86,
541,Mimikatz,,2,98,
542,Mimikatz,,2,104,
543,Mimikatz,,2,129,
544,mmap(),,4,142,
545,mmap(),,4,144,
546,mmap(),,4,157,
547,modprobe,,1,70,loading linux kernel modules
550,modprobe,,3,89,
551,mona.py,,5,16,
552,mona.py,,5,137,
553,Netmon Agent,,3,127,
554,Netwide Assembler (NASM),,4,59,
555,Netwide Assembler (NASM),,4,65-66,
556,Netwide Assembler (NASM),,4,70,
557,Network Access Control (NAC),,1,36-40,"Description and Implementations, Common Solutions, ways to attack"
558,Network Access Control (NAC),,1,47-48,"User Agent, OS Fingerprint, Javascript OS validation"
559,Network Access Control (NAC),,1,50-54,Limits of
565,Network Access Control (NAC),,3,5,
569,Nmap,,2,83,
570,Nmap,,2,110,
571,Nmap,,3,72,
572,Null Bytes,,2,20,
573,Null Bytes,,4,59,
574,Null Bytes,,4,66-68,
575,Null Bytes,,4,70,
576,Null Bytes,,4,89,
577,Null Bytes,,4,125,
578,NX bit,,5,38,
579,Obfuscation,,2,36,
580,Obfuscation,,2,68,
581,Obfuscation,,2,77,
582,Obfuscation,,2,136,
583,Obfuscation,,2,138,
584,objdump,,1,12,Disassembler
585,objdump,,4,44-46,
586,objdump,,4,48-50,
587,objdump,,4,65,
588,objdump,,4,108,
589,OllyDbg,,5,15,
590,OllyDbg,,5,21,
591,Opcodes,,3,45-46,
592,Opcodes,,4,9,
593,Opcodes,,4,36,
594,Opcodes,,4,59,
595,Opcodes,,4,85,
596,Opcodes,,4,157,
597,Opcodes,,5,98,
598,Opcodes,,5,105,
599,Opcodes,,5,110-111,
600,Opcodes,,5,115-116,
604,Open Shortest-Path First (OSPF),,1,112-118,"Definition, Interior Gateway Protocol"
605,Open Shortest-Path First (OSPF),,1,162,
606,Open Shortest-Path First (OSPF),,1,164,
607,openssl,,2,14,
608,openssl,,2,16,
609,openssl,,2,20,
610,openssl,,2,22-24,
611,openssl,,2,32,
612,openssl,,2,118,
613,OSfuscate,,1,51,Modify Registry Params for TCP IP (TTL/TCP/MTU/Window Size)
614,p0f,,1,50,Inline Captive Portal method reading stack frames to identify OS
616,PacketFence,,1,40,Open Source NAC/Captive Portal ZEN appliance
617,Padding Oracle,,2,41,
618,Padding Oracle,,2,49-50,
619,Padding Oracle,,2,52-53,
620,Padding Oracle On Downgraded Legacy Encryption (POODLE),,2,49-50,
621,Padding Oracle On Downgraded Legacy Encryption (POODLE),,2,52-53,
622,Paging,,4,4,
623,Paging,,4,8,
624,Paging,,4,16-18,
625,Paging,,5,10,
626,PaiMei,,3,128,
627,PaiMei,,3,140,
628,Passive OS Fingerprinting,,1,48,NAC
629,PaX,,2,74,
630,PaX,,4,142,
631,PaX,,4,160,
632,Pcaphistogram,,2,29,
633,PE/COFF,,2,119,
634,PE/COFF,,5,5,
635,PE/COFF,,5,8,
636,PE/COFF,,5,10,
637,PE/COFF,,5,12-14,
638,PE/COFF,,5,18-23,
639,PEB Randomization,,5,35,
640,PEB Randomization,,5,46,
641,PEB Randomization,,5,48,
642,PEB Randomization,,5,53,
643,Pickupline,,1,46,Captive Portal scammer script
644,PKCS#5,,2,41-42,
645,PKCS#5,,2,48,
646,PKCS#7,,2,42,
647,Pop/Pop/Ret,,5,94-98,
648,post exploitation,,1,18,Anything after the first exploit
649,post exploitation,,2,101,
650,Potato,,2,131-133,
651,PowerShell,,2,33,
652,PowerShell,,2,81,
653,PowerShell,,2,84-85,
654,PowerShell,,2,87,
655,PowerShell,,2,91-93,
656,PowerShell,,2,95-102,
657,PowerShell,,2,106,
658,PowerShell,,2,129-130,
659,PowerShell,,2,138-139,
660,PowerShell,,3,125,
661,PowerShell,,3,130,
662,PowerShell,,5,63,
663,PowerSploit,,2,129,
664,Procedure Epilogue,,4,26-31,
665,Procedure Epilogue,,5,90,
666,Procedure Epilogue,,5,114,
667,Procedure Epilogue,,5,120,
668,Procedure Linkage Table (PLT),,4,35,
669,Procedure Linkage Table (PLT),,4,42,
670,Procedure Linkage Table (PLT),,4,46,
671,Procedure Linkage Table (PLT),,4,50-53,
672,Procedure Linkage Table (PLT),,4,110-111,
673,Procedure Linkage Table (PLT),,4,114,
674,Procedure Linkage Table (PLT),,4,144-145,
675,Procedure Linkage Table (PLT),,5,8,
676,Procedure Linkage Table (PLT),,5,14,
677,Procedure Prologue,,4,11,
678,Procedure Prologue,,4,20,
679,Procedure Prologue,,4,24-27,
680,Procedure Prologue,,4,29,
681,Process Environment Block (PEB),,1,14,Windows Construct
682,Process Environment Block (PEB),,4,20,
683,Process Environment Block (PEB),,4,81,
684,Process Environment Block (PEB),,4,86-87,
685,Process Environment Block (PEB),,5,5,
686,Process Environment Block (PEB),,5,23,
687,Process Environment Block (PEB),,5,25-26,
688,Process Environment Block (PEB),,5,31,
689,Process Environment Block (PEB),,5,33,
690,Process Environment Block (PEB),,5,35,
691,Process Environment Block (PEB),,5,46,
692,Process Environment Block (PEB),,5,48,
693,Process Environment Block (PEB),,5,53,
694,Processor Cache,,4,5,
695,Processor Registers,,3,47,
696,Processor Registers,,4,5-7,
697,Processor Registers,,4,16,
698,Processor Registers,,4,32,
699,Processor Registers,,4,34,
700,Processor Registers,,4,52,
701,Processor Registers,,4,55,
702,Processor Registers,,4,59-60,
703,Processor Registers,,4,100,
704,Procmon Agent,,3,128,
705,Product Security Testing,,1,166,
706,Product Security Testing,,2,144,
707,Product Security Testing,,3,1,
708,Product Security Testing,,3,4-6,
709,Product Security Testing,,3,8-9,
710,Product Security Testing,,3,11-12,
711,Product Security Testing,,3,15-19,
712,Product Security Testing,,3,30,
713,Product Security Testing,,3,34,
714,Product Security Testing,,3,43,
715,Product Security Testing,,3,56-57,
716,Product Security Testing,,3,60-62,
717,Product Security Testing,,3,68,
718,Product Security Testing,,3,70,
719,Product Security Testing,,3,167,
720,Product Security Testing,,4,168,
721,Product Security Testing,,5,159,
722,Protected Mode,,4,16,
723,Protected Mode,,5,82,
724,PSConsoleHostReadline,,2,96,
725,Pstalker,,3,140-142,
726,PUSHAD,,5,133-134,
727,PUSHAD,,5,138,
728,PUSHAD,,5,142,
729,PUSHAD,,5,144,
730,PUSHAD,,5,146,
731,PUSHAD,,5,150,
732,PUSHAD,,5,152-154,
733,PyCrypto,,2,20,
734,PyDbg,,3,121,
735,PyDbg,,3,128,
736,RADIUS,,1,57-59,SSO Auth server
737,RC4,,2,7,
738,RC4,,2,23,
739,RC4,,2,25,
740,RC4,,2,56,
741,readelf,,2,118,
742,readelf,,4,46,
743,Request For Comment (RFC) documents,,1,15,Used by programmers for interop with vendors
745,Request For Comment (RFC) documents,,1,109,3768/5798 Standards for Virtual Router Redundancy Protocol
746,Request For Comment (RFC) documents,,1,113,2328 OSPF
747,Request For Comment (RFC) documents,,1,125,IPv6
748,Request For Comment (RFC) documents,,1,128,IPv6 Optimistic Duplicate Address Detection
749,Request For Comment (RFC) documents,,1,133,Neighbor Discovery
750,Request For Comment (RFC) documents,,1,149,
751,Request For Comment (RFC) documents,,2,19,
752,Request For Comment (RFC) documents,,3,77,
753,Request For Comment (RFC) documents,,3,120,
754,Request For Comment (RFC) documents,,3,123-124,
755,Restricted Desktops,,2,71,
756,Restricted Desktops,,2,81,
757,ret2libc,,4,112,
758,ret2libc,,4,114-115,
759,ret2libc,,4,122,
760,ret2libc,,4,127,
761,ret2libc,,4,167,
762,ret2libc,,5,38,
763,ret2libc,,5,105,
764,Return Oriented Programming (ROP),,1,14,Technique to circumvent exploit mitigation controls
765,Return Oriented Programming (ROP),,4,92,
766,Return Oriented Programming (ROP),,4,116-117,
767,Return Oriented Programming (ROP),,4,121-122,
768,Return Oriented Programming (ROP),,4,124,
769,Return Oriented Programming (ROP),,4,126-127,
770,Return Oriented Programming (ROP),,5,4,
771,Return Oriented Programming (ROP),,5,57-58,
772,Return Oriented Programming (ROP),,5,69,
773,Return Oriented Programming (ROP),,5,71-74,
774,Return Oriented Programming (ROP),,5,84,
775,Return Oriented Programming (ROP),,5,102,
776,Return Oriented Programming (ROP),,5,105-106,
777,Return Oriented Programming (ROP),,5,110,
778,Return Oriented Programming (ROP),,5,122,
779,Return Oriented Programming (ROP),,5,124-133,
780,Return Oriented Programming (ROP),,5,135-138,
781,Return Oriented Programming (ROP),,5,152,
782,Return Oriented Programming (ROP),,5,154-156,
783,Return Oriented Programming (ROP),,5,158,
784,return-to-libc,,4,91,
785,return-to-libc,,4,112,
786,return-to-libc,,4,116,
787,return-to-libc,,4,120,
788,return-to-libc,,4,142,
789,return-to-libc,,4,161-162,
790,return-to-libc,,5,105-106,
791,Reverse Engineering,,1,12,Slide Defining/core concepts
792,Reverse Engineering,,1,166,
793,Reverse Engineering,,2,18,
794,Reverse Engineering,,2,30,
795,Reverse Engineering,,2,117,
796,Reverse Engineering,,2,129,
797,Reverse Engineering,,2,144,
798,Reverse Engineering,,3,167,
799,Reverse Engineering,,4,34,
800,Reverse Engineering,,4,92,
801,Reverse Engineering,,4,104,
802,Reverse Engineering,,4,168,
803,Reverse Engineering,,5,15,
804,Reverse Engineering,,5,159,
805,ROP Chain,,5,69,
806,ROP Chain,,5,136,
807,ROP Chain,,5,138,
808,ROP Chain,,5,154-155,
809,Ruby,,1,152,
810,Ruby,,3,100,
811,Ruby,,3,109,
812,Safe Unlinking,,5,35,
813,Safe Unlinking,,5,48,
814,Safe Unlinking,,5,50,
815,SafeSEH,,4,92,
816,SafeSEH,,5,36-37,
817,SafeSEH,,5,39-40,
818,SafeSEH,,5,42-43,
819,SafeSEH,,5,103,
820,SafeSEH,,5,124,
821,Savant,,3,121-122,
822,Savant,,3,139-140,
823,Scapy,,1,52-53,Send Custom TCP Traffic
824,Scapy,,1,59,Used with Sulley for EAP MD5 Fuzzing
825,Scapy,,1,98-99,MitM ARP Poisoning
828,Scapy,,1,162,
829,Scapy,,2,34-35,
830,Scapy,,3,42-43,
831,Scapy,,3,72-94,
832,Scapy,,3,158,
833,Scapy,,3,164,
834,Secure Desktop,,2,77,
835,SEHOP,,5,36-37,
836,SEHOP,,5,44,
837,SEHOP,,5,63,
838,SELinux,,2,74,
839,Shellcode,,2,115,
840,Shellcode,,2,129,
841,Shellcode,,2,136,
842,Shellcode,,3,46,
843,Shellcode,,4,57-59,
844,Shellcode,,4,62-63,
845,Shellcode,,4,65-67,
846,Shellcode,,4,70-72,
847,Shellcode,,4,75-78,
848,Shellcode,,4,80-85,
849,Shellcode,,4,88-89,
850,Shellcode,,4,92,
851,Shellcode,,4,97,
852,Shellcode,,4,107,
853,Shellcode,,4,112,
854,Shellcode,,4,114,
855,Shellcode,,4,116,
856,Shellcode,,4,122-124,
857,Shellcode,,4,127,
858,Shellcode,,4,133-134,
859,Shellcode,,4,140,
860,Shellcode,,4,163,
861,Shellcode,,5,14,
862,Shellcode,,5,24,
863,Shellcode,,5,26,
864,Shellcode,,5,38,
865,Shellcode,,5,64-65,
866,Shellcode,,5,71,
867,Shellcode,,5,96,
868,Shellcode,,5,99,
869,Shellcode,,5,105-106,
870,Shellcode,,5,109,
871,Shellcode,,5,114,
872,Shellcode,,5,119-120,
873,Shellcode,,5,122-123,
874,Shellcode,,5,125-126,
875,Shellcode,,5,129,
876,Shellcode,,5,143,
877,Simple Network Management Protocol (SNMP),,1,39,Configures access to VLANs
878,Simple Network Management Protocol (SNMP),,1,41,Attack the Captive Portal
880,Simple Network Management Protocol (SNMP),,2,142,
881,SiteKiosk,,2,77,
882,Smashing the Stack,,4,91,
883,Smashing the Stack,,4,127,
884,Smashing the Stack,,4,162,
885,sniff(),,2,35,
886,sniff(),,3,85-87,
887,Sniffer,,1,42,Cain finding HTTP addresses
891,Sniffer,,3,48,
892,Sniffer,,3,87,
895,sockets,,4,78,
896,sockets,,4,84,
897,sockets,,5,77,
898,Software Restriction Policy (SRP),,2,73,
899,Software Restriction Policy (SRP),,2,75-77,
900,Software Restriction Policy (SRP),,2,81,
901,Software Restriction Policy (SRP),,2,86,
902,Source Index (ESI/RSI),,4,11,
903,Spanning Tree (STP),,1,66,Attacked by Yersinia
905,Sslstrip,,1,145-150,
906,Sslstrip,,1,152-153,
907,Sslstrip,,1,159,
908,Stack Pivoting,,4,122,
909,Stack Pivoting,,5,135,
910,Stack Pivoting,,5,155,
911,Stack Pointer (ESP/RSP),,4,11,
912,Stack Pointer (ESP/RSP),,4,14,
913,Stream Cipher IV Collision,,2,56,
914,Stream Cipher IV Collision,,2,58,
915,Stream Cipher IV Collision,,2,68,
916,Stream ciphers,,2,7-8,
917,Stream ciphers,,2,17,
918,Stream ciphers,,2,54-55,
919,Structured Exception Handling (SEH),,1,14,Windows Construct
920,Structured Exception Handling (SEH),,4,19,
921,Structured Exception Handling (SEH),,4,81,
922,Structured Exception Handling (SEH),,4,86,
923,Structured Exception Handling (SEH),,5,4-5,
924,Structured Exception Handling (SEH),,5,8,
925,Structured Exception Handling (SEH),,5,23,
926,Structured Exception Handling (SEH),,5,25,
927,Structured Exception Handling (SEH),,5,27-28,
928,Structured Exception Handling (SEH),,5,32-33,
929,Structured Exception Handling (SEH),,5,36,
930,Structured Exception Handling (SEH),,5,39-40,
931,Structured Exception Handling (SEH),,5,42-44,
932,Structured Exception Handling (SEH),,5,90-92,
933,Structured Exception Handling (SEH),,5,96,
934,Structured Exception Handling (SEH),,5,98-100,
935,Structured Exception Handling (SEH),,5,103,
936,Structured Exception Handling (SEH),,5,124,
937,Structured Exception Handling (SEH),,5,135,
938,Sulley,,1,59,Fuzzing framework
939,Sulley,,3,116-117,
940,Sulley,,3,119,
941,Sulley,,3,121,
942,Sulley,,3,125-126,
943,Sulley,,3,131-132,
944,Swap,,2,49-51,
945,Swap,,3,74,
946,Taof,,3,73,
947,TCP Stack Fingerprinting,,1,50,Inline Captive Portal method reading stack frames to identify OS
948,tcpick,,2,32,
949,tcpick,,2,34-35,
950,tcpick,,3,154-160,
951,tcpick,,3,162,
952,TFTP,,3,83,
953,theC2Matrix Project,,1,18,Jorge Orchilles list of C2 platforms
954,Thread Environment Block (TEB),,5,25,
955,Thread Environment Block (TEB),,5,33,
956,Thread Information Block (TIB),,1,14,Windows Construct
957,Thread Information Block (TIB),,4,15,
958,Thread Information Block (TIB),,4,19,
959,Thread Information Block (TIB),,5,5,
960,Thread Information Block (TIB),,5,9,
961,Thread Information Block (TIB),,5,23,
962,Thread Information Block (TIB),,5,25,
963,Thread Information Block (TIB),,5,27-28,
964,Thread Information Block (TIB),,5,31,
965,Thread Information Block (TIB),,5,33,
966,Thread Information Block (TIB),,5,74,
967,Triple DES (3DES),,2,10,
968,Twofish,,2,10,
969,unlink(),,5,48-50,
970,User Account Control (UAC),,2,80,
971,User Account Control (UAC),,2,87,
972,User Account Control (UAC),,2,122,
973,User Account Control (UAC),,2,134-135,
974,User Impersonation,,1,44,Bypassing Captive Portals
975,User-Agent Impersonation,,1,49,Firefox User Agent Switcher plugin
976,vconfig,,1,70-71,Linux VLAN Config
978,Virtual Memory,,4,4,
979,Virtual Memory,,4,7,
980,Virtual Memory,,4,14,
981,Virtual Memory,,4,16-18,
982,Virtual Memory,,4,45,
983,Virtual Memory,,5,6,
984,Virtual Memory,,5,10,
985,Virtual Memory,,5,42,
986,Virtual Router Redundancy Protocol (VRRP),,1,109,"Like HSRP, but two+ routers share responsibility for Virtual IP Address"
987,VirtualProtect(),,5,71-72,
988,VirtualProtect(),,5,102,
989,VirtualProtect(),,5,123,
990,VirtualProtect(),,5,125-130,
991,VirtualProtect(),,5,132-134,
992,VirtualProtect(),,5,139,
993,VirtualProtect(),,5,141-146,
994,VirtualProtect(),,5,148-154,
995,VLAN,,1,38-39,Assignment w/ Captive Portal to segment
996,VLAN,,1,62-77,Attacks
999,VLAN Hopping,,1,62,
1000,VLAN Hopping,,1,65,DTP
1001,VLAN Hopping,,1,71,802.1Q Trunk
1002,VLAN Hopping,,1,73,Voice VLAN
1006,VLAN Manipulation,,1,62,
1007,Voice VLAN,,1,73-76,Voice VLAN Hop
1008,voiphopper,,1,76,Automates Voice VLAN Hop
1009,W^X,,4,163,
1010,W^X,,5,35,
1011,W^X,,5,38-39,
1012,Web Browser User-Agent Matching,,1,48,NAC
1013,WinAFL,,3,161,
1014,WinDBG,,2,139,
1015,WinDBG,,3,45,
1016,WinDBG,,4,37,
1017,WinDBG,,5,15,
1023,Wireshark,,3,76,
1024,Wireshark,,3,85,
1025,Wireshark,,3,110,
1026,Wireshark,,3,115,
1027,WOW64,,2,84,
1028,WOW64,,4,7,
1029,WOW64,,5,29,
1030,WOW64,,5,81,
1031,wrpcap(),,3,85,
1032,XD/ED Bit,,5,38,
1033,Yersinia,,1,66-69,"Multifunction network attack tool exploiting LAN protocols like STP, CDP, DTP, HSRP, DHCP, 802.1Q, VTP, ISL"
1035,Yersinia,,1,108-111,HSRP
1037,Yersinia,,1,152,
